{"cameraMode":{"drawMode":0,"name":"Shaded","section":"Shading Mode"},"sceneLighting":true,"audioPlay":false,"sceneViewState":{"m_AlwaysRefresh":false,"showFog":true,"showSkybox":true,"showFlares":true,"showImageEffects":true,"showParticleSystems":true,"showVisualEffectGraphs":true,"m_FxEnabled":true},"in2DMode":false,"pivot":{"x":0.21087612211704255,"y":0.007185721769928932,"z":-0.5647792220115662},"rotation":{"x":-0.22656288743019105,"y":0.2793259024620056,"z":-0.06800282746553421,"w":-0.930611252784729},"size":5.500659465789795,"orthographic":false}