{"cameraMode":{"drawMode":0,"name":"Shaded","section":"Shading Mode"},"sceneLighting":true,"audioPlay":false,"sceneViewState":{"m_AlwaysRefresh":false,"showFog":true,"showSkybox":true,"showFlares":true,"showImageEffects":true,"showParticleSystems":true,"showVisualEffectGraphs":true,"m_FxEnabled":true},"in2DMode":false,"pivot":{"x":14.594783782958985,"y":14.528799057006836,"z":-10.251097679138184},"rotation":{"x":-0.26067498326301577,"y":0.18453554809093476,"z":-0.05083606019616127,"w":-0.9462668895721436},"size":0.8660253882408142,"orthographic":false}