{"cameraMode":{"drawMode":0,"name":"Shaded","section":"Shading Mode"},"sceneLighting":true,"audioPlay":false,"sceneViewState":{"m_AlwaysRefresh":false,"showFog":true,"showSkybox":true,"showFlares":true,"showImageEffects":true,"showParticleSystems":true,"showVisualEffectGraphs":true,"m_FxEnabled":true},"in2DMode":false,"pivot":{"x":-4.526742935180664,"y":-7.283790111541748,"z":-15.179280281066895},"rotation":{"x":-0.003913396503776312,"y":-0.9686237573623657,"z":0.24816763401031495,"w":-0.015403729863464833},"size":9.610902786254883,"orthographic":false}